te,st
te,st
te,st
te,st
te,st
te,st
te,st
te,st
te,st
te,st
te,st
te,st
te,st
te,st
te,st
te,st
te,st
te,st
te,st
te,st
te,st
te,st
te,st
te,st
te,st
te,st
te,st
te,st
te,st
te,st
te,st
te,st
te,st
te,st
te,st
te,st
te,st
te,st
te,st
te,st
te,st
te,st
te,st
te,st
te,st
te,st
te,st
te,st
te,st
te,st
te,st
te,st
te,st
te,st
te,st
te,st
te,st
te,st
te,st
te,st
te,st
te,st
te,st
te,st
te,st
te,st
te,st
te,st
te,st
te,st
te,st
te,st
te,st
te,st
te,st
te,st
te,st
te,st
te,st
te,st
te,st
te,st
te,st
te,st
te,st
te,st
te,st
te,st
te,st
te,st
te,st
te,st
te,st
te,st
te,st
te,st
